{
  "n_samples": 130663,
  "n_clusters": 8,
  "silhouette_score": 0.12913642155577235,
  "inertia": 753753.3925286699,
  "cluster_sizes": {
    "4": 34351,
    "1": 28215,
    "6": 22453,
    "2": 15477,
    "5": 14010,
    "0": 13936,
    "3": 2110,
    "7": 111
  }
}